air_date,day,title,program_numbers,formatted
2026-07-03,Fri,Does God CELEBRATE Diversity in Marriage?,,"* Fri, Jul 3, 2026: Does God CELEBRATE Diversity in Marriage?"
2026-07-02,Thu,Overcoming Tribalism - Bishop Dr. Geoffrey Njuguna,,"* Thu, Jul 2, 2026: Overcoming Tribalism - Bishop Dr. Geoffrey Njuguna"
2026-07-01,Wed,"Women in Ministry Part 2 - The Overcoming Women - Rev. Elizabeth Kamau of Deliverance Church Lang'ata, Nairobi Kenya - Pastor Carol Muthiora of Joy Bringers International, Everett WA",,"* Wed, Jul 1, 2026: Women in Ministry Part 2 - The Overcoming Women - Rev. Elizabeth Kamau of Deliverance Church Lang'ata, Nairobi Kenya - Pastor Carol Muthiora of Joy Bringers International, Everett WA"
2026-06-30,Tue,"Women in Ministry Part 1 - The Overcoming Women - Rev. Elizabeth Kamau of Deliverance Church Lang'ata, Nairobi Kenya - Pastor Carol Muthiora of Joy Bringers International, Everett WA",,"* Tue, Jun 30, 2026: Women in Ministry Part 1 - The Overcoming Women - Rev. Elizabeth Kamau of Deliverance Church Lang'ata, Nairobi Kenya - Pastor Carol Muthiora of Joy Bringers International, Everett WA"
2026-06-29,Mon,A Balanced Christian Life - Bishop Geoffrey Njuguna,,"* Mon, Jun 29, 2026: A Balanced Christian Life - Bishop Geoffrey Njuguna"
2026-06-26,Fri,God's Unconditional Love - Pastor Elizabeth Kamau Njuguna,,"* Fri, Jun 26, 2026: God's Unconditional Love - Pastor Elizabeth Kamau Njuguna"
2026-06-25,Thu,Warning - 25 Prophetic Dreams Part 4,,"* Thu, Jun 25, 2026: Warning - 25 Prophetic Dreams Part 4"
2026-06-24,Wed,Warning - 25 Prophetic Dreams Part 3,,"* Wed, Jun 24, 2026: Warning - 25 Prophetic Dreams Part 3"
2026-06-23,Tue,The Heart of God Part 2 - The Overcoming Women - Drs. Adalia & Jonathan Hansen,,"* Tue, Jun 23, 2026: The Heart of God Part 2 - The Overcoming Women - Drs. Adalia & Jonathan Hansen"
2026-06-22,Mon,The Heart of God Part 1 - The Overcoming Women - Drs. Adalia & Jonathan Hansen,,"* Mon, Jun 22, 2026: The Heart of God Part 1 - The Overcoming Women - Drs. Adalia & Jonathan Hansen"
2026-06-19,Fri,How Can We Live in the Glory of God and His Presence Part 3 - Apostle Joe Mwaniki,,"* Fri, Jun 19, 2026: How Can We Live in the Glory of God and His Presence Part 3 - Apostle Joe Mwaniki"
2026-06-18,Thu,How Can We Live in the Glory of God and His Presence Part 2 - Apostle Joe Mwaniki,,"* Thu, Jun 18, 2026: How Can We Live in the Glory of God and His Presence Part 2 - Apostle Joe Mwaniki"
2026-06-17,Wed,How Can We Live in the Glory of God and His Presence Part 1 - Apostle Joe Mwaniki,,"* Wed, Jun 17, 2026: How Can We Live in the Glory of God and His Presence Part 1 - Apostle Joe Mwaniki"
2026-06-16,Tue,Warning - 25 Prophetic Dreams Part 2,,"* Tue, Jun 16, 2026: Warning - 25 Prophetic Dreams Part 2"
2026-06-15,Mon,The Building Blocks of Harmony in the Family - Bishop Dr. Geoffrey Njuguna,,"* Mon, Jun 15, 2026: The Building Blocks of Harmony in the Family - Bishop Dr. Geoffrey Njuguna"
2026-06-12,Fri,His Divine Nature Part 3 - Apostle Joe Mwaniki,,"* Fri, Jun 12, 2026: His Divine Nature Part 3 - Apostle Joe Mwaniki"
2026-06-11,Thu,His Divine Nature Part 2 - Apostle Joe Mwaniki,,"* Thu, Jun 11, 2026: His Divine Nature Part 2 - Apostle Joe Mwaniki"
2026-06-10,Wed,His Divine Nature Part 1 - Apostle Joe Mwaniki,,"* Wed, Jun 10, 2026: His Divine Nature Part 1 - Apostle Joe Mwaniki"
2026-06-09,Tue,Warning - 25 Prophetic Dreams,,"* Tue, Jun 9, 2026: Warning - 25 Prophetic Dreams"
2026-06-08,Mon,Pursue Your Life Purpose - Bishop Dr. Geoffrey Njuguna,,"* Mon, Jun 8, 2026: Pursue Your Life Purpose - Bishop Dr. Geoffrey Njuguna"
2026-06-05,Fri,Apostle Joe Mwaniki & Bishop Dr. Geoffrey Njuguna - Kenya Needs Repentance,,"* Fri, Jun 5, 2026: Apostle Joe Mwaniki & Bishop Dr. Geoffrey Njuguna - Kenya Needs Repentance"
2026-06-04,Thu,Grace - Gods Unspeakable Gift Part 4 - Bishop Dr. Geoffrey Njuguna,,"* Thu, Jun 4, 2026: Grace - Gods Unspeakable Gift Part 4 - Bishop Dr. Geoffrey Njuguna"
2026-06-03,Wed,Grace - Gods Unspeakable Gift Part 3 - Bishop Dr. Geoffrey Njuguna,,"* Wed, Jun 3, 2026: Grace - Gods Unspeakable Gift Part 3 - Bishop Dr. Geoffrey Njuguna"
2026-06-02,Tue,Redigging the Wells of Faith - Bishop Dr. Geoffrey Njuguna,,"* Tue, Jun 2, 2026: Redigging the Wells of Faith - Bishop Dr. Geoffrey Njuguna"
2026-06-01,Mon,Church Leaders in Kenya,,"* Mon, Jun 1, 2026: Church Leaders in Kenya"
2026-05-29,Fri,Governmental Intercessor - The Overcoming Women - Drs. Adalia & Jonathan Hansen,,"* Fri, May 29, 2026: Governmental Intercessor - The Overcoming Women - Drs. Adalia & Jonathan Hansen"
2026-05-28,Thu,Grace - Gods Unspeakable Gift Part 2 - Bishop Dr. Geoffrey Njuguna,,"* Thu, May 28, 2026: Grace - Gods Unspeakable Gift Part 2 - Bishop Dr. Geoffrey Njuguna"
2026-05-26,Tue,Kenya's Prophecy & 2027 Election,,"* Tue, May 26, 2026: Kenya's Prophecy & 2027 Election"
2026-05-25,Mon,Kenya 2027 Elections - Bishop Geoffrey Njuguna,,"* Mon, May 25, 2026: Kenya 2027 Elections - Bishop Geoffrey Njuguna"
2026-05-22,Fri,"The War with Iran and Hamas - Gideon Behar, Israel Ambassador to Kenya",,"* Fri, May 22, 2026: The War with Iran and Hamas - Gideon Behar, Israel Ambassador to Kenya"
2026-05-21,Thu,Queen Esther Part 2,,"* Thu, May 21, 2026: Queen Esther Part 2"
2026-05-20,Wed,Queen Esther Part 1,,"* Wed, May 20, 2026: Queen Esther Part 1"
2026-05-19,Tue,Nuclear Conflict - Iran in the Bible,,"* Tue, May 19, 2026: Nuclear Conflict - Iran in the Bible"
2026-05-18,Mon,The Fall of Fauci & Spiritual Entities,,"* Mon, May 18, 2026: The Fall of Fauci & Spiritual Entities"
2026-05-15,Fri,Eagles Saving the Nations,,"* Fri, May 15, 2026: Eagles Saving the Nations"
2026-05-14,Thu,Bishop Geoffrey Njuguna & Dr. Jonathan Hansen - Kenya 2026,,"* Thu, May 14, 2026: Bishop Geoffrey Njuguna & Dr. Jonathan Hansen - Kenya 2026"
2026-05-13,Wed,The Image of God,,"* Wed, May 13, 2026: The Image of God"
2026-05-12,Tue,"Let the Weight of Your Glory Fall Part 2 - Rev. Dr. Adalia Hansen - Rebecca Arise Ladies Conference, Word of Faith Church Kiambu, Kenya",,"* Tue, May 12, 2026: Let the Weight of Your Glory Fall Part 2 - Rev. Dr. Adalia Hansen - Rebecca Arise Ladies Conference, Word of Faith Church Kiambu, Kenya"
2026-05-11,Mon,"Let the Weight of Your Glory Fall Part 1 - Rev. Dr. Adalia Hansen - Rebecca Arise Ladies Conference, Word of Faith Church Kiambu, Kenya",,"* Mon, May 11, 2026: Let the Weight of Your Glory Fall Part 1 - Rev. Dr. Adalia Hansen - Rebecca Arise Ladies Conference, Word of Faith Church Kiambu, Kenya"
2026-05-08,Fri,"The Supernatural - Egypt's War Against God's People Part 2 - Rev. Dr. Adalia Hansen - Rebecca Arise Ladies Conference, Word of Faith Church Kiambu, Kenya",,"* Fri, May 8, 2026: The Supernatural - Egypt's War Against God's People Part 2 - Rev. Dr. Adalia Hansen - Rebecca Arise Ladies Conference, Word of Faith Church Kiambu, Kenya"
2026-05-07,Thu,"The Supernatural - Egypt's War Against God's People Part 1 - Rev. Dr. Adalia Hansen - Rebecca Arise Ladies Conference, Word of Faith Church Kiambu, Kenya",,"* Thu, May 7, 2026: The Supernatural - Egypt's War Against God's People Part 1 - Rev. Dr. Adalia Hansen - Rebecca Arise Ladies Conference, Word of Faith Church Kiambu, Kenya"
2026-05-06,Wed,Dr. EJ Buckardt - If - Then,,"* Wed, May 6, 2026: Dr. EJ Buckardt - If - Then"
2026-05-05,Tue,"The Well of Refreshing Part 2 - Bishop Dr. Thomas Muthee, Rebecca Arise Ladies Conference, Word of Faith Church, Kiambu, Kenya",,"* Tue, May 5, 2026: The Well of Refreshing Part 2 - Bishop Dr. Thomas Muthee, Rebecca Arise Ladies Conference, Word of Faith Church, Kiambu, Kenya"
2026-05-04,Mon,"The Well of Refreshing Part 1 - Bishop Dr. Thomas Muthee, Rebecca Arise Ladies Conference, Word of Faith Church, Kiambu, Kenya",,"* Mon, May 4, 2026: The Well of Refreshing Part 1 - Bishop Dr. Thomas Muthee, Rebecca Arise Ladies Conference, Word of Faith Church, Kiambu, Kenya"
2026-05-01,Fri,"Moses' Rod & Eagles Saving Nations Part 3 - 10:30am service for Bishop Thomas Muthee, Word of Faith Church in Kiambu Kenya",,"* Fri, May 1, 2026: Moses' Rod & Eagles Saving Nations Part 3 - 10:30am service for Bishop Thomas Muthee, Word of Faith Church in Kiambu Kenya"
2026-04-30,Thu,"Moses' Rod & Eagles Saving Nations Part 2 - 10:30am service for Bishop Thomas Muthee, Word of Faith Church in Kiambu Kenya",,"* Thu, Apr 30, 2026: Moses' Rod & Eagles Saving Nations Part 2 - 10:30am service for Bishop Thomas Muthee, Word of Faith Church in Kiambu Kenya"
2026-04-29,Wed,"Moses' Rod & Eagles Saving Nations Part 1 - 10:30am service for Bishop Thomas Muthee, Word of Faith Church in Kiambu Kenya",,"* Wed, Apr 29, 2026: Moses' Rod & Eagles Saving Nations Part 1 - 10:30am service for Bishop Thomas Muthee, Word of Faith Church in Kiambu Kenya"
2026-04-28,Tue,Dr. EJ Buckardt - Bible - Israel - America - Last Days - Part 3,,"* Tue, Apr 28, 2026: Dr. EJ Buckardt - Bible - Israel - America - Last Days - Part 3"
2026-04-27,Mon,Marxist - Islamic - Attack on America,,"* Mon, Apr 27, 2026: Marxist - Islamic - Attack on America"
2026-04-24,Fri,"I Am a Debtor Part 2 - 8am Service for Bishop Thomas Muthee, Word of Faith Church in Kiambu Kenya",,"* Fri, Apr 24, 2026: I Am a Debtor Part 2 - 8am Service for Bishop Thomas Muthee, Word of Faith Church in Kiambu Kenya"
2026-04-23,Thu,"I Am a Debtor Part 1 - 8am Service for Bishop Thomas Muthee, Word of Faith Church in Kiambu Kenya",,"* Thu, Apr 23, 2026: I Am a Debtor Part 1 - 8am Service for Bishop Thomas Muthee, Word of Faith Church in Kiambu Kenya"
2026-04-22,Wed,Dr. EJ Buckardt - Bible - Israel - America - Last Days Part 2,,"* Wed, Apr 22, 2026: Dr. EJ Buckardt - Bible - Israel - America - Last Days Part 2"
2026-04-21,Tue,Dr. EJ Buckardt - Bible - Israel - America - Last Days Part 1,,"* Tue, Apr 21, 2026: Dr. EJ Buckardt - Bible - Israel - America - Last Days Part 1"
2026-04-20,Mon,Why Did God Raise Up Adversaries Against King Solomon?,,"* Mon, Apr 20, 2026: Why Did God Raise Up Adversaries Against King Solomon?"
2026-04-17,Fri,"Resurrection Day and Your DNA Part 3 - Deliverance Church Lang'ata by invitation of Bishop Geoffrey Njuguna, Nairobi, Kenya",,"* Fri, Apr 17, 2026: Resurrection Day and Your DNA Part 3 - Deliverance Church Lang'ata by invitation of Bishop Geoffrey Njuguna, Nairobi, Kenya"
2026-04-16,Thu,"Resurrection Day and Your DNA Part 2 - Deliverance Church Lang'ata by invitation of Bishop Geoffrey Njuguna, Nairobi, Kenya",,"* Thu, Apr 16, 2026: Resurrection Day and Your DNA Part 2 - Deliverance Church Lang'ata by invitation of Bishop Geoffrey Njuguna, Nairobi, Kenya"
2026-04-15,Wed,"Resurrection Day and Your DNA Part 1 - Deliverance Church Lang'ata by invitation of Bishop Geoffrey Njuguna, Nairobi, Kenya",,"* Wed, Apr 15, 2026: Resurrection Day and Your DNA Part 1 - Deliverance Church Lang'ata by invitation of Bishop Geoffrey Njuguna, Nairobi, Kenya"
2026-04-14,Tue,The Power of a Name - Ministers Fred Christian & Vance Miller,,"* Tue, Apr 14, 2026: The Power of a Name - Ministers Fred Christian & Vance Miller"
2026-04-13,Mon,Today's Unholy Alliances,,"* Mon, Apr 13, 2026: Today's Unholy Alliances"
2026-04-10,Fri,The Passover Season Part 3,,"* Fri, Apr 10, 2026: The Passover Season Part 3"
2026-04-09,Thu,The Passover Season Part 2,,"* Thu, Apr 9, 2026: The Passover Season Part 2"
2026-04-08,Wed,The Passover Season Part 1,,"* Wed, Apr 8, 2026: The Passover Season Part 1"
2026-04-07,Tue,Prayer Warriors & Senior Pastors Part 4,,"* Tue, Apr 7, 2026: Prayer Warriors & Senior Pastors Part 4"
2026-04-06,Mon,Warning - Prophetic Dreams - Guatamalan Illegal Kills American - Part 4,,"* Mon, Apr 6, 2026: Warning - Prophetic Dreams - Guatamalan Illegal Kills American - Part 4"
2026-04-03,Fri,Prayer Warriors & Senior Pastors Part 3,,"* Fri, Apr 3, 2026: Prayer Warriors & Senior Pastors Part 3"
2026-04-02,Thu,Pastor Tory Grayson - Liberia & Lawlessness,,"* Thu, Apr 2, 2026: Pastor Tory Grayson - Liberia & Lawlessness"
2026-04-01,Wed,Moses' Rod Part 6,,"* Wed, Apr 1, 2026: Moses' Rod Part 6"
2026-03-31,Tue,Moses' Rod Part 5,,"* Tue, Mar 31, 2026: Moses' Rod Part 5"
2026-03-30,Mon,Warning - Prophetic Dreams - Seattle - Part 3,,"* Mon, Mar 30, 2026: Warning - Prophetic Dreams - Seattle - Part 3"
2026-03-27,Fri,Warning - Prophetic Dreams,,"* Fri, Mar 27, 2026: Warning - Prophetic Dreams"
2026-03-26,Thu,Prayer Warriors,,"* Thu, Mar 26, 2026: Prayer Warriors"
2026-03-25,Wed,Moses' Rod Part 4,,"* Wed, Mar 25, 2026: Moses' Rod Part 4"
2026-03-24,Tue,Moses' Rod Part 3,,"* Tue, Mar 24, 2026: Moses' Rod Part 3"
2026-03-23,Mon,Pastor Tory Grayson - Tanzania,,"* Mon, Mar 23, 2026: Pastor Tory Grayson - Tanzania"
2026-03-20,Fri,Moses' Rod Part 2,,"* Fri, Mar 20, 2026: Moses' Rod Part 2"
2026-03-19,Thu,Moses' Rod Part 1,,"* Thu, Mar 19, 2026: Moses' Rod Part 1"
2026-03-18,Wed,Pastor Shaun Easterbrook - Make No Room for Sin Part 2,,"* Wed, Mar 18, 2026: Pastor Shaun Easterbrook - Make No Room for Sin Part 2"
2026-03-17,Tue,Pastor Shaun Easterbrook - Make No Room for Sin Part 1,,"* Tue, Mar 17, 2026: Pastor Shaun Easterbrook - Make No Room for Sin Part 1"
2026-03-16,Mon,Pastor Tory Grayson - Uganda - Jamaica - USA,,"* Mon, Mar 16, 2026: Pastor Tory Grayson - Uganda - Jamaica - USA"
2026-03-13,Fri,What is Your DNA? Part 2,,"* Fri, Mar 13, 2026: What is Your DNA? Part 2"
2026-03-12,Thu,What is Your DNA? Part 1,,"* Thu, Mar 12, 2026: What is Your DNA? Part 1"
2026-03-11,Wed,Spiritual Warfare 2 - Three Bible Verses that Terrify Demons,,"* Wed, Mar 11, 2026: Spiritual Warfare 2 - Three Bible Verses that Terrify Demons"
2026-03-10,Tue,Spiritual Warfare - How Demons Enter You!,,"* Tue, Mar 10, 2026: Spiritual Warfare - How Demons Enter You!"
2026-03-09,Mon,Pastor Tory Grayson - Kenya-Uganda April-May 2025,,"* Mon, Mar 9, 2026: Pastor Tory Grayson - Kenya-Uganda April-May 2025"
2026-03-06,Fri,King David's Mighty Men Part 2,,"* Fri, Mar 6, 2026: King David's Mighty Men Part 2"
2026-03-05,Thu,King David's Mighty Men Part 1,,"* Thu, Mar 5, 2026: King David's Mighty Men Part 1"
2026-03-04,Wed,Marxist - Islamic - Attack on America Part 4 - Seattle,,"* Wed, Mar 4, 2026: Marxist - Islamic - Attack on America Part 4 - Seattle"
2026-03-03,Tue,Marxist - Islamic - Attack on America Part 3 - Churchill & Jefferson,,"* Tue, Mar 3, 2026: Marxist - Islamic - Attack on America Part 3 - Churchill & Jefferson"
2026-03-02,Mon,"Nelson Sua, Former Convicted Felon, Candidate for Governor Hawaii 2026",,"* Mon, Mar 2, 2026: Nelson Sua, Former Convicted Felon, Candidate for Governor Hawaii 2026"
2026-02-27,Fri,Broken Dreams - Do You Know Yourself? Part 2,,"* Fri, Feb 27, 2026: Broken Dreams - Do You Know Yourself? Part 2"
2026-02-26,Thu,Broken Dreams - Do You Know Yourself? Part 1,,"* Thu, Feb 26, 2026: Broken Dreams - Do You Know Yourself? Part 1"
2026-02-25,Wed,Wealthiest Families & The N.W.O.,,"* Wed, Feb 25, 2026: Wealthiest Families & The N.W.O."
2026-02-24,Tue,Marxist - Islamic - Attack on America Part 2,,"* Tue, Feb 24, 2026: Marxist - Islamic - Attack on America Part 2"
2026-02-23,Mon,"When I am Weak, Then I am Strong - Bishop Israel Sanoy",,"* Mon, Feb 23, 2026: When I am Weak, Then I am Strong - Bishop Israel Sanoy"
2026-02-20,Fri,Marxist - Islamic - Attack on America,,"* Fri, Feb 20, 2026: Marxist - Islamic - Attack on America"
2026-02-18,Wed,Sodom and Gomorrah & 25 Prophetic Dreams Part 1 - 2/5/2026 - OMR - Shannon Davis,,"* Wed, Feb 18, 2026: Sodom and Gomorrah & 25 Prophetic Dreams Part 1 - 2/5/2026 - OMR - Shannon Davis"
2026-02-17,Tue,General Michael Flynn - American Police Officers Alliance Save Our Sheriffs Rally Part 2,,"* Tue, Feb 17, 2026: General Michael Flynn - American Police Officers Alliance Save Our Sheriffs Rally Part 2"
2026-02-16,Mon,General Michael Flynn - American Police Officers Alliance Save Our Sheriffs Rally Part 1,,"* Mon, Feb 16, 2026: General Michael Flynn - American Police Officers Alliance Save Our Sheriffs Rally Part 1"
2026-02-13,Fri,There is Hope in the Dark Part 2,,"* Fri, Feb 13, 2026: There is Hope in the Dark Part 2"
2026-02-11,Wed,Renee Good & Alex Pretti - Federal Crimes,,"* Wed, Feb 11, 2026: Renee Good & Alex Pretti - Federal Crimes"
2026-02-10,Tue,The Real Story - Minnesota - Corruption - The Governor and Mayor Criminals - Part 2 1/29/2026 - OMR - Shannon Davis,,"* Tue, Feb 10, 2026: The Real Story - Minnesota - Corruption - The Governor and Mayor Criminals - Part 2 1/29/2026 - OMR - Shannon Davis"
2026-02-09,Mon,The Real Story - Minnesota - Corruption - The Governor and Mayor Criminals - Part 1 1/29/2026 - OMR - Shannon Davis,,"* Mon, Feb 9, 2026: The Real Story - Minnesota - Corruption - The Governor and Mayor Criminals - Part 1 1/29/2026 - OMR - Shannon Davis"
2026-02-06,Fri,"Anointing Power of the Holy Spirit - Dr. Michael McKinney, President, Promise Christian University, CA - 9th World Holy Spirit Ministry International Conference in Korea",,"* Fri, Feb 6, 2026: Anointing Power of the Holy Spirit - Dr. Michael McKinney, President, Promise Christian University, CA - 9th World Holy Spirit Ministry International Conference in Korea"
2026-02-05,Thu,"The Spirit of Sodom in America - Holy Hill of Zion, Thy Dwelling Place - Hawaii",,"* Thu, Feb 5, 2026: The Spirit of Sodom in America - Holy Hill of Zion, Thy Dwelling Place - Hawaii"
2026-02-04,Wed,America & Sodom and Gomorrah - Paradise Chapel - Hawaii Part 2,,"* Wed, Feb 4, 2026: America & Sodom and Gomorrah - Paradise Chapel - Hawaii Part 2"
2026-02-03,Tue,America & Sodom and Gomorrah - Paradise Chapel - Hawaii Part 1,,"* Tue, Feb 3, 2026: America & Sodom and Gomorrah - Paradise Chapel - Hawaii Part 1"
2026-02-02,Mon,Israel / America - Dr. EJ Buckardt,,"* Mon, Feb 2, 2026: Israel / America - Dr. EJ Buckardt"
2026-01-30,Fri,The Spirit of Sodom & Gomorrah in America Part 2,,"* Fri, Jan 30, 2026: The Spirit of Sodom & Gomorrah in America Part 2"
2026-01-29,Thu,The Spirit of Sodom & Gomorrah in America Part 1,,"* Thu, Jan 29, 2026: The Spirit of Sodom & Gomorrah in America Part 1"
2026-01-28,Wed,Constitutional Sheriffs,,"* Wed, Jan 28, 2026: Constitutional Sheriffs"
2026-01-27,Tue,Don't Give Up & Don't Look Back,,"* Tue, Jan 27, 2026: Don't Give Up & Don't Look Back"
2026-01-26,Mon,Covenant Breaking Spirits Part 12 - Renewing the Covenant,,"* Mon, Jan 26, 2026: Covenant Breaking Spirits Part 12 - Renewing the Covenant"
2026-01-23,Fri,Do You Know Yourself? Part 2,,"* Fri, Jan 23, 2026: Do You Know Yourself? Part 2"
2026-01-22,Thu,Do You Know Yourself? Part 1,,"* Thu, Jan 22, 2026: Do You Know Yourself? Part 1"
2026-01-21,Wed,Spiritual Warfare - We will Save Our Nation through the Holy Spirit Part 2 - Philippine church service,,"* Wed, Jan 21, 2026: Spiritual Warfare - We will Save Our Nation through the Holy Spirit Part 2 - Philippine church service"
2026-01-20,Tue,Spiritual Warfare - We will Save Our Nation through the Holy Spirit Part 1 - Philippine church service,,"* Tue, Jan 20, 2026: Spiritual Warfare - We will Save Our Nation through the Holy Spirit Part 1 - Philippine church service"
2026-01-19,Mon,Covenant Breaking Spirits Part 11 - Restoration and Reconciliation,,"* Mon, Jan 19, 2026: Covenant Breaking Spirits Part 11 - Restoration and Reconciliation"
2026-01-16,Fri,2026 Breakthroughs - In His Glory Part 2,,"* Fri, Jan 16, 2026: 2026 Breakthroughs - In His Glory Part 2"
2026-01-15,Thu,2026 Breakthroughs - In His Glory Part 1,,"* Thu, Jan 15, 2026: 2026 Breakthroughs - In His Glory Part 1"
2026-01-14,Wed,Covenant Breaking Spirits Part 10 - Breaking Free,,"* Wed, Jan 14, 2026: Covenant Breaking Spirits Part 10 - Breaking Free"
2026-01-13,Tue,Covenant Breaking Spirits Part 9 - God's Faithfulness,,"* Tue, Jan 13, 2026: Covenant Breaking Spirits Part 9 - God's Faithfulness"
2026-01-12,Mon,"""All the Heroes of the Bible Made Mistakes - God Can Use You - You Have a Destiny"" Philippine Maximum Security Prison with Bishop Israel Sanoy",,"* Mon, Jan 12, 2026: ""All the Heroes of the Bible Made Mistakes - God Can Use You - You Have a Destiny"" Philippine Maximum Security Prison with Bishop Israel Sanoy"
2026-01-09,Fri,Philippine Leaders Meeting - Dr. Adalia Hansen,,"* Fri, Jan 9, 2026: Philippine Leaders Meeting - Dr. Adalia Hansen"
2026-01-08,Thu,Broken Dreams is the Beginning of Real Living,,"* Thu, Jan 8, 2026: Broken Dreams is the Beginning of Real Living"
2026-01-07,Wed,Christmas and Hanukkah,,"* Wed, Jan 7, 2026: Christmas and Hanukkah"
2026-01-06,Tue,Covenant Breaking Spirits Part 8 - Harm to the Vulnerable,,"* Tue, Jan 6, 2026: Covenant Breaking Spirits Part 8 - Harm to the Vulnerable"
2026-01-05,Mon,Covenant Breaking Spirits Part 7 - Emotional & Legal Consequences,,"* Mon, Jan 5, 2026: Covenant Breaking Spirits Part 7 - Emotional & Legal Consequences"
2026-01-02,Fri,"Flood Victims, the Philippines Church Service",,"* Fri, Jan 2, 2026: Flood Victims, the Philippines Church Service"
2026-01-01,Thu,"Philippine Interview, Engineer Edwin Canlas, Bishop Israel Sanoy's Friend",,"* Thu, Jan 1, 2026: Philippine Interview, Engineer Edwin Canlas, Bishop Israel Sanoy's Friend"
2025-12-31,Wed,Grace - Vision & Revelation Work Together,,"* Wed, Dec 31, 2025: Grace - Vision & Revelation Work Together"
2025-12-30,Tue,Covenant Breaking Spirits Part 6 - Consequences,,"* Tue, Dec 30, 2025: Covenant Breaking Spirits Part 6 - Consequences"
2025-12-29,Mon,Covenant Breaking Spirits Part 5 - Spiritual Life & Consequences,,"* Mon, Dec 29, 2025: Covenant Breaking Spirits Part 5 - Spiritual Life & Consequences"
2025-12-26,Fri,Minister Fred Christian - Sharing the Full Gospel - We Need Your Help,,"* Fri, Dec 26, 2025: Minister Fred Christian - Sharing the Full Gospel - We Need Your Help"
2025-12-25,Thu,Give to the Forgotten Faces,,"* Thu, Dec 25, 2025: Give to the Forgotten Faces"
2025-12-24,Wed,Steve Buckardt - Helping to Reach the Nations,,"* Wed, Dec 24, 2025: Steve Buckardt - Helping to Reach the Nations"
2025-12-23,Tue,"Minister Fred Christian - Tremendous Year, Help Us Save the Nations",,"* Tue, Dec 23, 2025: Minister Fred Christian - Tremendous Year, Help Us Save the Nations"
2025-12-22,Mon,"Dr. EJ Buckardt - Tremendous Year, an Opportunity",,"* Mon, Dec 22, 2025: Dr. EJ Buckardt - Tremendous Year, an Opportunity"
2025-12-19,Fri,Only the Holy Spirit Led Church Can Save the Philippines Part 2,,"* Fri, Dec 19, 2025: Only the Holy Spirit Led Church Can Save the Philippines Part 2"
2025-12-18,Thu,Only the Holy Spirit Led Church Can Save the Philippines Part 1,,"* Thu, Dec 18, 2025: Only the Holy Spirit Led Church Can Save the Philippines Part 1"
2025-12-17,Wed,"Covenant Breaking Spirits Part 4 - Broken Political Promises, Treaties & Moral Values",,"* Wed, Dec 17, 2025: Covenant Breaking Spirits Part 4 - Broken Political Promises, Treaties & Moral Values"
2025-12-16,Tue,"Covenant Breaking Spirits Part 3 - Pres. Kibaki, Uhuru Kenyatta & Ruto",,"* Tue, Dec 16, 2025: Covenant Breaking Spirits Part 3 - Pres. Kibaki, Uhuru Kenyatta & Ruto"
2025-12-15,Mon,Covenant Breaking Spirits Part 2 - Pres. Jomo Kenyatta & Daniel Arap Moi,,"* Mon, Dec 15, 2025: Covenant Breaking Spirits Part 2 - Pres. Jomo Kenyatta & Daniel Arap Moi"
2025-12-12,Fri,It's Supernatural - God is Real - Philippines Crusade,,"* Fri, Dec 12, 2025: It's Supernatural - God is Real - Philippines Crusade"
2025-12-11,Thu,"Extending the Kingdom of God Through Relationship Part 2 - Global Ministries Network International Congress 2025, Baltimore, MD",,"* Thu, Dec 11, 2025: Extending the Kingdom of God Through Relationship Part 2 - Global Ministries Network International Congress 2025, Baltimore, MD"
2025-12-10,Wed,"Extending the Kingdom of God Through Relationship Part 1 - Global Ministries Network International Congress 2025, Baltimore, MD",,"* Wed, Dec 10, 2025: Extending the Kingdom of God Through Relationship Part 1 - Global Ministries Network International Congress 2025, Baltimore, MD"
2025-12-09,Tue,The Nature of Covenant Breaking Spirits Part 1,,"* Tue, Dec 9, 2025: The Nature of Covenant Breaking Spirits Part 1"
2025-12-08,Mon,Respect Part 2 - Dr. EJ Buckardt,,"* Mon, Dec 8, 2025: Respect Part 2 - Dr. EJ Buckardt"
2025-12-05,Fri,Are You Earnestly Contending for the Faith? Part 2 - Bishop Geoffrey Njuguna (Kenya National Congress of Pentecostal Churches) - Subject: How to Conquer Falsehood Against the Church - Text: Jude 1-3,,"* Fri, Dec 5, 2025: Are You Earnestly Contending for the Faith? Part 2 - Bishop Geoffrey Njuguna (Kenya National Congress of Pentecostal Churches) - Subject: How to Conquer Falsehood Against the Church - Text: Jude 1-3"
2025-12-04,Thu,Are You Earnestly Contending for the Faith? Part 1 - Bishop Geoffrey Njuguna (Kenya National Congress of Pentecostal Churches) - Subject: How to Conquer Falsehood Against the Church - Text: Jude 1-3,,"* Thu, Dec 4, 2025: Are You Earnestly Contending for the Faith? Part 1 - Bishop Geoffrey Njuguna (Kenya National Congress of Pentecostal Churches) - Subject: How to Conquer Falsehood Against the Church - Text: Jude 1-3"
2025-12-03,Wed,Respect Part 1 - Rev. Dr. EJ Buckardt,,"* Wed, Dec 3, 2025: Respect Part 1 - Rev. Dr. EJ Buckardt"
2025-12-02,Tue,Rescuing Lives,,"* Tue, Dec 2, 2025: Rescuing Lives"
2025-12-01,Mon,The Forgotten Faces,,"* Mon, Dec 1, 2025: The Forgotten Faces"
2025-11-28,Fri,Israel Trip 2025,,"* Fri, Nov 28, 2025: Israel Trip 2025"
2025-11-26,Wed,Fear Doesn't Stand a Chance Part 2,,"* Wed, Nov 26, 2025: Fear Doesn't Stand a Chance Part 2"
2025-11-25,Tue,Fear Doesn't Stand a Chance Part 1,,"* Tue, Nov 25, 2025: Fear Doesn't Stand a Chance Part 1"
2025-11-24,Mon,"Where is the God of Elijah - Dr. Hansen for Pastor Mike Adipo, Breakout Session - 9th World Holy Spirit Ministries International Conference, Seoul, South Korea",,"* Mon, Nov 24, 2025: Where is the God of Elijah - Dr. Hansen for Pastor Mike Adipo, Breakout Session - 9th World Holy Spirit Ministries International Conference, Seoul, South Korea"
2025-11-21,Fri,"The Prophetic Shift - Minister Fred Christian, World Holy Spirit Ministry International, Korea",,"* Fri, Nov 21, 2025: The Prophetic Shift - Minister Fred Christian, World Holy Spirit Ministry International, Korea"
2025-11-20,Thu,"When the Spirit Comes Upon the Wounded - Dr. Adalia Hansen, World Holy Spirit Ministry International, Korea",,"* Thu, Nov 20, 2025: When the Spirit Comes Upon the Wounded - Dr. Adalia Hansen, World Holy Spirit Ministry International, Korea"
2025-11-19,Wed,"Don't Let the Fire Go Out - Dr. Michael Hyodo, World Holy Spirit Ministry International, Korea",,"* Wed, Nov 19, 2025: Don't Let the Fire Go Out - Dr. Michael Hyodo, World Holy Spirit Ministry International, Korea"
2025-11-18,Tue,"Are You Prepared? - Dr. EJ Buckardt, World Holy Spirit Ministry International, Korea",,"* Tue, Nov 18, 2025: Are You Prepared? - Dr. EJ Buckardt, World Holy Spirit Ministry International, Korea"
2025-11-17,Mon,"Having a Closer Walk with The Lord - Dr. EJ Buckardt, World Holy Spirit Ministry International, Korea",,"* Mon, Nov 17, 2025: Having a Closer Walk with The Lord - Dr. EJ Buckardt, World Holy Spirit Ministry International, Korea"
2025-11-14,Fri,"The Holy Spirit Makes War in Korea, LIVE in Seoul, South Korea - Part 2",,"* Fri, Nov 14, 2025: The Holy Spirit Makes War in Korea, LIVE in Seoul, South Korea - Part 2"
2025-11-13,Thu,"The Holy Spirit Makes War in Korea, LIVE in Seoul, South Korea - Part 1",,"* Thu, Nov 13, 2025: The Holy Spirit Makes War in Korea, LIVE in Seoul, South Korea - Part 1"
2025-11-12,Wed,Germany in Prophecy,,"* Wed, Nov 12, 2025: Germany in Prophecy"
2025-11-11,Tue,We Are Ambassadors,,"* Tue, Nov 11, 2025: We Are Ambassadors"
2025-11-10,Mon,Spiritual Warfare,,"* Mon, Nov 10, 2025: Spiritual Warfare"
2025-11-07,Fri,"Who is The Holy Spirit? Part 2 - 9th World Holy Spirit Ministries International Conference, Seoul, South Korea",,"* Fri, Nov 7, 2025: Who is The Holy Spirit? Part 2 - 9th World Holy Spirit Ministries International Conference, Seoul, South Korea"
2025-11-06,Thu,"Who is The Holy Spirit? Part 1 - 9th World Holy Spirit Ministries International Conference, Seoul, South Korea",,"* Thu, Nov 6, 2025: Who is The Holy Spirit? Part 1 - 9th World Holy Spirit Ministries International Conference, Seoul, South Korea"
2025-11-05,Wed,When Fear is Sinful & When Fear is Healthy,,"* Wed, Nov 5, 2025: When Fear is Sinful & When Fear is Healthy"
2025-11-04,Tue,Unity/Disunity & Where is the Church At Today? - Dr. EJ Buckardt,,"* Tue, Nov 4, 2025: Unity/Disunity & Where is the Church At Today? - Dr. EJ Buckardt"
2025-11-03,Mon,Prophecy - Ukraine & Russia - America and Nuclear War,,"* Mon, Nov 3, 2025: Prophecy - Ukraine & Russia - America and Nuclear War"
2025-10-31,Fri,The World Holy Spirit Conference Korea 2025 - OMR with Shannon Davis (LIVE) Part 2,,"* Fri, Oct 31, 2025: The World Holy Spirit Conference Korea 2025 - OMR with Shannon Davis (LIVE) Part 2"
2025-10-30,Thu,The World Holy Spirit Conference Korea 2025 - OMR with Shannon Davis (LIVE) Part 1,,"* Thu, Oct 30, 2025: The World Holy Spirit Conference Korea 2025 - OMR with Shannon Davis (LIVE) Part 1"
2025-10-29,Wed,Finding Peace in Times of Trouble - Bishop Tobias Nyamwaya,,"* Wed, Oct 29, 2025: Finding Peace in Times of Trouble - Bishop Tobias Nyamwaya"
2025-10-28,Tue,The Holy Spirit Makes War in Canada Part 2,,"* Tue, Oct 28, 2025: The Holy Spirit Makes War in Canada Part 2"
2025-10-27,Mon,The Holy Spirit Makes War in Canada Part 1,,"* Mon, Oct 27, 2025: The Holy Spirit Makes War in Canada Part 1"
2025-10-24,Fri,The Wrong Belief System - Bishop Tobias Nyamwaya,,"* Fri, Oct 24, 2025: The Wrong Belief System - Bishop Tobias Nyamwaya"
2025-10-23,Thu,The Beloved of The Father - Bishop Tobias Nyamwaya,,"* Thu, Oct 23, 2025: The Beloved of The Father - Bishop Tobias Nyamwaya"
2025-10-22,Wed,"I Am a Debtor - Hand of God Church International, Lilongwe, Malawi Sept. 14, 2025",,"* Wed, Oct 22, 2025: I Am a Debtor - Hand of God Church International, Lilongwe, Malawi Sept. 14, 2025"
2025-10-21,Tue,"Where are the Elijah's of God? - Church Leaders Conference, Lilongwe, Malawi Sept. 13, 2025 Part 2",,"* Tue, Oct 21, 2025: Where are the Elijah's of God? - Church Leaders Conference, Lilongwe, Malawi Sept. 13, 2025 Part 2"
2025-10-20,Mon,"Where are the Elijah's of God? - Church Leaders Conference, Lilongwe, Malawi Sept. 13, 2025 Part 1",,"* Mon, Oct 20, 2025: Where are the Elijah's of God? - Church Leaders Conference, Lilongwe, Malawi Sept. 13, 2025 Part 1"
2025-10-10,Fri,Malawi Presidential Election,,"* Fri, Oct 10, 2025: Malawi Presidential Election"
2025-10-09,Thu,"Kenya / Malawi, Presidential Visit - Live with Shannon Davis (Eagles Saving Nations: Election Fraud, Spiritual Warfare & The Mark of the Beast) Part 3",,"* Thu, Oct 9, 2025: Kenya / Malawi, Presidential Visit - Live with Shannon Davis (Eagles Saving Nations: Election Fraud, Spiritual Warfare & The Mark of the Beast) Part 3"
2025-10-08,Wed,"Kenya / Malawi, Presidential Visit - Live with Shannon Davis (Eagles Saving Nations: Election Fraud, Spiritual Warfare & The Mark of the Beast) Part 2",,"* Wed, Oct 8, 2025: Kenya / Malawi, Presidential Visit - Live with Shannon Davis (Eagles Saving Nations: Election Fraud, Spiritual Warfare & The Mark of the Beast) Part 2"
2025-10-07,Tue,"Kenya / Malawi, Presidential Visit - Live with Shannon Davis (Eagles Saving Nations: Election Fraud, Spiritual Warfare & The Mark of the Beast) Part 1",,"* Tue, Oct 7, 2025: Kenya / Malawi, Presidential Visit - Live with Shannon Davis (Eagles Saving Nations: Election Fraud, Spiritual Warfare & The Mark of the Beast) Part 1"
2025-10-06,Mon,Does God Dictate a President?,,"* Mon, Oct 6, 2025: Does God Dictate a President?"
2025-10-03,Fri,"Elijah's Mantle - Word of Faith Church in Kiambu, Kenya with Bishop Thomas Muthee, Sept. 7, 2025 Part 2",,"* Fri, Oct 3, 2025: Elijah's Mantle - Word of Faith Church in Kiambu, Kenya with Bishop Thomas Muthee, Sept. 7, 2025 Part 2"
2025-10-02,Thu,"Elijah's Mantle - Word of Faith Church in Kiambu, Kenya with Bishop Thomas Muthee, Sept. 7, 2025 Part 1",,"* Thu, Oct 2, 2025: Elijah's Mantle - Word of Faith Church in Kiambu, Kenya with Bishop Thomas Muthee, Sept. 7, 2025 Part 1"
2025-10-01,Wed,Principles of Love - Forgiveness Part 2 - Bishop Tobias Nyamwaya,,"* Wed, Oct 1, 2025: Principles of Love - Forgiveness Part 2 - Bishop Tobias Nyamwaya"
2025-09-30,Tue,The Dead Still Speaks - Bishop Tobias Nyamwaya,,"* Tue, Sep 30, 2025: The Dead Still Speaks - Bishop Tobias Nyamwaya"
2025-09-29,Mon,God's Redirection or the Blessing of Obedience - Bishop Tobias Nyamwaya,,"* Mon, Sep 29, 2025: God's Redirection or the Blessing of Obedience - Bishop Tobias Nyamwaya"
2025-09-26,Fri,Where's the God of Elijah? - Morning Devotional,,"* Fri, Sep 26, 2025: Where's the God of Elijah? - Morning Devotional"
2025-09-25,Thu,An Agent of Transformation - Bishop Dr. Stanley Michuki,,"* Thu, Sep 25, 2025: An Agent of Transformation - Bishop Dr. Stanley Michuki"
2025-09-24,Wed,A Dangerous World - Bishop Dr. Stanley Michuki,,"* Wed, Sep 24, 2025: A Dangerous World - Bishop Dr. Stanley Michuki"
2025-09-23,Tue,"The Church's Responsibility in the Nations - Bishop Dr. Stanley Michuki, Pastor Peter Muthiora",,"* Tue, Sep 23, 2025: The Church's Responsibility in the Nations - Bishop Dr. Stanley Michuki, Pastor Peter Muthiora"
2025-09-22,Mon,Principles of Love - Forgiveness: Older Brother Syndrome - Bishop Tobias Nyamwaya,,"* Mon, Sep 22, 2025: Principles of Love - Forgiveness: Older Brother Syndrome - Bishop Tobias Nyamwaya"
2025-09-19,Fri,Apostolic Leader Dennis Moore - Spirit of Deceit in the Nations,,"* Fri, Sep 19, 2025: Apostolic Leader Dennis Moore - Spirit of Deceit in the Nations"
2025-09-18,Thu,"Bishop Tobias Nyamwaya, Widows & Orphans - Kenya",,"* Thu, Sep 18, 2025: Bishop Tobias Nyamwaya, Widows & Orphans - Kenya"
2025-09-17,Wed,"Bishop Tobias Nyamwaya, Prophecy to Kenya & Eagles Saving Nations",,"* Wed, Sep 17, 2025: Bishop Tobias Nyamwaya, Prophecy to Kenya & Eagles Saving Nations"
2025-09-16,Tue,"Bishop Tobias Nyamwaya, Return to The Father",,"* Tue, Sep 16, 2025: Bishop Tobias Nyamwaya, Return to The Father"
2025-09-15,Mon,Love Proves Covenant and Christianity Bishop Dr. Stanley Michuki from Sabbath Service&hellip;,,"* Mon, Sep 15, 2025: Love Proves Covenant and Christianity Bishop Dr. Stanley Michuki from Sabbath Service&hellip;"
2025-09-12,Fri,Turning Point - Dr. Emmanuel Ziga Part 3 08/30/2025,,"* Fri, Sep 12, 2025: Turning Point - Dr. Emmanuel Ziga Part 3 08/30/2025"
2025-09-11,Thu,Turning Point - Dr. Emmanuel Ziga Part 2 08/30/2025,,"* Thu, Sep 11, 2025: Turning Point - Dr. Emmanuel Ziga Part 2 08/30/2025"
2025-09-10,Wed,Turning Point - Dr. Emmanuel Ziga Part 1 08/30/2025,,"* Wed, Sep 10, 2025: Turning Point - Dr. Emmanuel Ziga Part 1 08/30/2025"
2025-09-09,Tue,"Altars, Piercings & Tattoos - Minister Fred Christian 08/29/2025",,"* Tue, Sep 9, 2025: Altars, Piercings & Tattoos - Minister Fred Christian 08/29/2025"
2025-09-08,Mon,Unholy Alliances Part 2 08/28/2025,,"* Mon, Sep 8, 2025: Unholy Alliances Part 2 08/28/2025"
2025-08-29,Fri,OMR - Bishop Tobias Nyamwaya - Tyranny in the Nations - Tattoos - False Apostles/Prophets Part 2 08/15/2025,,"* Fri, Aug 29, 2025: OMR - Bishop Tobias Nyamwaya - Tyranny in the Nations - Tattoos - False Apostles/Prophets Part 2 08/15/2025"
2025-08-28,Thu,OMR - Bishop Tobias Nyamwaya - Tyranny in the Nations - Tattoos - False Apostles/Prophets Part 1 08/15/2025,,"* Thu, Aug 28, 2025: OMR - Bishop Tobias Nyamwaya - Tyranny in the Nations - Tattoos - False Apostles/Prophets Part 1 08/15/2025"
2025-08-27,Wed,Enemies of Focus - Bishop Tobias Nyamwaya 08/15/2025,,"* Wed, Aug 27, 2025: Enemies of Focus - Bishop Tobias Nyamwaya 08/15/2025"
2025-08-26,Tue,Dealing with Strongholds - Bishop Tobias Nyamwaya 08/14/2025,,"* Tue, Aug 26, 2025: Dealing with Strongholds - Bishop Tobias Nyamwaya 08/14/2025"
2025-08-25,Mon,Love Proves Covenant & Christianity - Bishop Dr. Stanley Michuki 08/08/2025,,"* Mon, Aug 25, 2025: Love Proves Covenant & Christianity - Bishop Dr. Stanley Michuki 08/08/2025"
2025-08-22,Fri,"Science of Judgment, Covenant Breaking Spirits - Bishop Dr. Stanley Michuki 08/08/2025",,"* Fri, Aug 22, 2025: Science of Judgment, Covenant Breaking Spirits - Bishop Dr. Stanley Michuki 08/08/2025"
2025-08-21,Thu,"Crisis in Kenya - Bishop Dr. Stanley Michuki - Pastor Titus Njuguna (Joy Bringers Ministries International, 14550 Westminster Way, Shoreline, WA 98133 joybringersministries.com/) 08/08/2025",,"* Thu, Aug 21, 2025: Crisis in Kenya - Bishop Dr. Stanley Michuki - Pastor Titus Njuguna (Joy Bringers Ministries International, 14550 Westminster Way, Shoreline, WA 98133 joybringersministries.com/) 08/08/2025"
2025-08-20,Wed,"Demons in the Church Today - Bishop Tobias Nyamwaya, Shannon Davis, Dr. Hansen 08/08/2025",,"* Wed, Aug 20, 2025: Demons in the Church Today - Bishop Tobias Nyamwaya, Shannon Davis, Dr. Hansen 08/08/2025"
2025-08-19,Tue,"Church Racism - Bishop Tobias Nyamwaya, Shannon Davis, Dr. Hansen 08/08/2025",,"* Tue, Aug 19, 2025: Church Racism - Bishop Tobias Nyamwaya, Shannon Davis, Dr. Hansen 08/08/2025"
2025-08-18,Mon,"Israel-Iran Trump Mistake - Shannon Davis, Dr. Hansen 08/08/2025",,"* Mon, Aug 18, 2025: Israel-Iran Trump Mistake - Shannon Davis, Dr. Hansen 08/08/2025"
2025-08-15,Fri,Covering in Prophetic Times - Racism/Tribalism is Evil,,"* Fri, Aug 15, 2025: Covering in Prophetic Times - Racism/Tribalism is Evil"
2025-08-14,Thu,"Bishop Tobias Nyamwaya - Faith, Not Tears 08/07/2025",,"* Thu, Aug 14, 2025: Bishop Tobias Nyamwaya - Faith, Not Tears 08/07/2025"
2025-08-13,Wed,Covenant Breaking Spirits Part 4 - Divine Judgment  8/01/2025,,"* Wed, Aug 13, 2025: Covenant Breaking Spirits Part 4 - Divine Judgment  8/01/2025"
2025-08-12,Tue,Bishop Tobias Nyamwaya - Overcoming Fear Part 2 08/01/2025,,"* Tue, Aug 12, 2025: Bishop Tobias Nyamwaya - Overcoming Fear Part 2 08/01/2025"
2025-08-11,Mon,Bishop Tobias Nyamwaya - Overcoming Fear Part 1 08/01/2025,,"* Mon, Aug 11, 2025: Bishop Tobias Nyamwaya - Overcoming Fear Part 1 08/01/2025"
2025-08-08,Fri,Covenant Breaking Spirits Part 3 - Kenya Pres. Jomo Kenyatta and Moi 7/19/2025,,"* Fri, Aug 8, 2025: Covenant Breaking Spirits Part 3 - Kenya Pres. Jomo Kenyatta and Moi 7/19/2025"
2025-08-07,Thu,"Bishop Dr. Stanley Michuki (Kenya National Congress of Pentecostal Churches) - Bishop J.M. Ole Kahara (Lead Pastor, Fireflow Ministries Intl., PO Box 60074, Renton, WA 98058, (425) 633-6335, fireflow.season@yahoo.com, www.fireflowmintl.org) Kenya 06/30/2025",,"* Thu, Aug 7, 2025: Bishop Dr. Stanley Michuki (Kenya National Congress of Pentecostal Churches) - Bishop J.M. Ole Kahara (Lead Pastor, Fireflow Ministries Intl., PO Box 60074, Renton, WA 98058, (425) 633-6335, fireflow.season@yahoo.com, www.fireflowmintl.org) Kenya 06/30/2025"
2025-08-06,Wed,"Dr. Hansen, Bishop Geoffrey Njuguna - Kenya 06/17/2025 1095R5 1096R5 1097R2",1095R5 1096R5 1097R2,"* Wed, Aug 6, 2025: Dr. Hansen, Bishop Geoffrey Njuguna - Kenya 06/17/2025 1095R5 1096R5 1097R2"
2025-08-05,Tue,Iran-Israel Ceasefire Mistake - Nuclear War Instead 07/26/2025,,"* Tue, Aug 5, 2025: Iran-Israel Ceasefire Mistake - Nuclear War Instead 07/26/2025"
2025-08-04,Mon,"Iran-Israel War, Ceasefire a Mistake 07/25/2025",,"* Mon, Aug 4, 2025: Iran-Israel War, Ceasefire a Mistake 07/25/2025"
2025-08-01,Fri,Bishop Geoffrey Njuguna - Fathers as God's Image Bearers Part 3 06/15/2025,,"* Fri, Aug 1, 2025: Bishop Geoffrey Njuguna - Fathers as God's Image Bearers Part 3 06/15/2025"
2025-07-31,Thu,Bishop Geoffrey Njuguna - Fathers as God's Image Bearers Part 2 06/15/2025,,"* Thu, Jul 31, 2025: Bishop Geoffrey Njuguna - Fathers as God's Image Bearers Part 2 06/15/2025"
2025-07-30,Wed,Bishop Geoffrey Njuguna - Fathers as God's Image Bearers Part 1 06/15/2025,,"* Wed, Jul 30, 2025: Bishop Geoffrey Njuguna - Fathers as God's Image Bearers Part 1 06/15/2025"
2025-07-29,Tue,Covenant Breaking Spirits Part 3 - Kenya Pres. Jomo Kenyatta and Moi  7/19/2025,,"* Tue, Jul 29, 2025: Covenant Breaking Spirits Part 3 - Kenya Pres. Jomo Kenyatta and Moi  7/19/2025"
2025-07-28,Mon,Flawless Covering 07/18/2025,,"* Mon, Jul 28, 2025: Flawless Covering 07/18/2025"
2025-07-25,Fri,Radio Part 4 Dr. EJ Buckardt - Critical Time for the Christian Church in America (We Need to WAKE Up not be Woke Up) 05/31/2025,,"* Fri, Jul 25, 2025: Radio Part 4 Dr. EJ Buckardt - Critical Time for the Christian Church in America (We Need to WAKE Up not be Woke Up) 05/31/2025"
2025-07-24,Thu,Radio Part 3 Dr. EJ Buckardt - Critical Time for the Christian Church in America (We Need to WAKE Up not be Woke Up) 05/31/2025,,"* Thu, Jul 24, 2025: Radio Part 3 Dr. EJ Buckardt - Critical Time for the Christian Church in America (We Need to WAKE Up not be Woke Up) 05/31/2025"
2025-07-23,Wed,Dr. Apostle Vee Sitoh (Apostolic Founder of Evangelical Christian Assembly International) & Rev. Janice Tan (Campus Pastor of Evangelical Assembly International - Australia) The Apostolic Responsibility Worldwide 07/15/2025,,"* Wed, Jul 23, 2025: Dr. Apostle Vee Sitoh (Apostolic Founder of Evangelical Christian Assembly International) & Rev. Janice Tan (Campus Pastor of Evangelical Assembly International - Australia) The Apostolic Responsibility Worldwide 07/15/2025"
2025-07-22,Tue,Covenant Breaking Spirits Part 2  7/12/2025,,"* Tue, Jul 22, 2025: Covenant Breaking Spirits Part 2  7/12/2025"
2025-07-21,Mon,Covering in Prophetic Times - Racism/Tribalism is Evil 07/11/2025,,"* Mon, Jul 21, 2025: Covering in Prophetic Times - Racism/Tribalism is Evil 07/11/2025"
2025-07-18,Fri,Rev. Dr. Adalia Hansen & Rev. Elizabeth Kamau - Breaking Spiritual Barriers & Reclaiming Generational Blessings Part 2 06/19/2025,,"* Fri, Jul 18, 2025: Rev. Dr. Adalia Hansen & Rev. Elizabeth Kamau - Breaking Spiritual Barriers & Reclaiming Generational Blessings Part 2 06/19/2025"
2025-07-17,Thu,Rev. Dr. Adalia Hansen & Rev. Elizabeth Kamau - Breaking Spiritual Barriers & Reclaiming Generational Blessings Part 1 06/19/2025,,"* Thu, Jul 17, 2025: Rev. Dr. Adalia Hansen & Rev. Elizabeth Kamau - Breaking Spiritual Barriers & Reclaiming Generational Blessings Part 1 06/19/2025"
2025-07-16,Wed,Bishop Geoffrey Njuguna - The Demonic Spirits that Target the Five-Fold Ministries 06/27/2025 (Men's 6:00 am Bible & Prayer),,"* Wed, Jul 16, 2025: Bishop Geoffrey Njuguna - The Demonic Spirits that Target the Five-Fold Ministries 06/27/2025 (Men's 6:00 am Bible & Prayer)"
2025-07-15,Tue,Covenant Breaking Spirits Part 1  7/5/2025,,"* Tue, Jul 15, 2025: Covenant Breaking Spirits Part 1  7/5/2025"
2025-07-14,Mon,Prophecy The Science of Judgment 7/4/2025,,"* Mon, Jul 14, 2025: Prophecy The Science of Judgment 7/4/2025"
2025-07-11,Fri,World Control vs the Power of God (Prophetic Times)  6/28/2025,,"* Fri, Jul 11, 2025: World Control vs the Power of God (Prophetic Times)  6/28/2025"
2025-07-10,Thu,Bishop Geoffrey Njuguna - Tanzania - Bishop Gwajima  6/17/2025,,"* Thu, Jul 10, 2025: Bishop Geoffrey Njuguna - Tanzania - Bishop Gwajima  6/17/2025"
2025-07-09,Wed,"Bishop Dr. Stanley Michuki (Kenya National Congress of Pentecostal Churches) - Bishop J.M. Ole Kahara (Lead Pastor, Fireflow Ministries Intl., PO Box 60074, Renton, WA 98058, (425) 633-6335, fireflow.season@yahoo.com, www.fireflowmintl.org) Kenya 6/30/2025",,"* Wed, Jul 9, 2025: Bishop Dr. Stanley Michuki (Kenya National Congress of Pentecostal Churches) - Bishop J.M. Ole Kahara (Lead Pastor, Fireflow Ministries Intl., PO Box 60074, Renton, WA 98058, (425) 633-6335, fireflow.season@yahoo.com, www.fireflowmintl.org) Kenya 6/30/2025"
2025-07-08,Tue,"Dr. Hansen, Bishop Geoffrey Njuguna - Kenya 06/17/2025 1095R5 1096R5",1095R5 1096R5,"* Tue, Jul 8, 2025: Dr. Hansen, Bishop Geoffrey Njuguna - Kenya 06/17/2025 1095R5 1096R5"
2025-07-07,Mon,Prophetic Times (Facebook Live Streamed) 06/27/2025,,"* Mon, Jul 7, 2025: Prophetic Times (Facebook Live Streamed) 06/27/2025"
